NOC2016,NOC2016_Title,Change_type,NOC2021,NOC2021_Title,Notes
11,Legislators,"VC1 - Code Change, VC2 - Name Change",10,Legislators,
12,Senior government managers and officials,"VC1 - Code Change, VC2 - Name Change",11,Senior government managers and officials,
13,"Senior managers - financial, communications and other business services","VC1 - Code Change, VC2 - Name Change",12,"Senior managers - financial, communications and other business services",
14,"Senior managers - health, education, social and community services and membership organizations","VC1 - Code Change, VC2 - Name Change",13,"Senior managers - health, education, social and community services and membership organizations",
15,"Senior managers - trade, broadcasting and other services, n.e.c.","VC1 - Code Change, VC2 - Name Change",14,"Senior managers - trade, broadcasting and other services",
16,"Senior managers - construction, transportation, production and utilities","VC1 - Code Change, VC2 - Name Change",15,"Senior managers - construction, transportation, production and utilities",
111,Financial managers,"VC1 - Code Change, VC2 - Name Change",10010,Financial managers,
112,Human resources managers,"RC4.2 - Split off, RC5 - Transfer, VC1 - Code Change, VC2 - Name Change",10011,Human resources managers,0112 continues as 10011 and part transferred to 11200 and 13110 and part split off to emerging item 22232
112,Human resources managers,"RC5 - Transfer, VC1 - Code Change, VC2 - Name Change",11200,Human resources professionals,0112 continues as 10011 and part transferred to 11200 and 13110 and part split off to emerging item 22232
112,Human resources managers,"RC5 - Transfer, VC1 - Code Change, VC2 - Name Change",13110,Administrative assistants,0112 continues as 10011 and part transferred to 11200 and 13110 and part split off to emerging item 22232
112,Human resources managers,"RC4.2 - Split off, VC1 - Code Change, VC2 - Name Change",22232,Occupational health and safety specialists,0112 continues as 10011 and part transferred to 11200 and 13110 and part split off to emerging item 22232
113,Purchasing managers,"VC1 - Code Change, VC2 - Name Change",10012,Purchasing managers,
114,Other administrative services managers,"VC1 - Code Change, VC2 - Name Change",10019,Other administrative services managers,
121,"Insurance, real estate and financial brokerage managers","VC1 - Code Change, VC2 - Name Change",10020,"Insurance, real estate and financial brokerage managers",
122,"Banking, credit and other investment managers","VC1 - Code Change, VC2 - Name Change",10021,"Banking, credit and other investment managers",
124,"Advertising, marketing and public relations managers","VC1 - Code Change, VC2 - Name Change",10022,"Advertising, marketing and public relations managers",
125,Other business services managers,"VC1 - Code Change, VC2 - Name Change",10029,Other business services managers,
131,Telecommunication carriers managers,"VC1 - Code Change, VC2 - Name Change",10030,Telecommunication carriers managers,
132,Postal and courier services managers,"VC1 - Code Change, VC2 - Name Change",70021,Postal and courier services managers,
211,Engineering managers,"VC1 - Code Change, VC2 - Name Change",20010,Engineering managers,
212,Architecture and science managers,"VC1 - Code Change, VC2 - Name Change",20011,Architecture and science managers,
213,Computer and information systems managers,"VC1 - Code Change, VC2 - Name Change",20012,Computer and information systems managers,
311,Managers in health care,"VC1 - Code Change, VC2 - Name Change",30010,Managers in health care,
411,Government managers - health and social policy development and program administration,"VC1 - Code Change, VC2 - Name Change",40010,Government managers - health and social policy development and program administration,
412,"Government managers - economic analysis, policy development and program administration","VC1 - Code Change, VC2 - Name Change",40011,"Government managers - economic analysis, policy development and program administration",
413,Government managers - education policy development and program administration,"VC1 - Code Change, VC2 - Name Change",40012,Government managers - education policy development and program administration,
414,Other managers in public administration,"VC1 - Code Change, VC2 - Name Change",40019,Other managers in public administration,
421,Administrators - post-secondary education and vocational training,"VC1 - Code Change, VC2 - Name Change",40020,Administrators - post-secondary education and vocational training,
422,School principals and administrators of elementary and secondary education,"VC1 - Code Change, VC2 - Name Change",40021,School principals and administrators of elementary and secondary education,
423,"Managers in social, community and correctional services","VC1 - Code Change, VC2 - Name Change",40030,"Managers in social, community and correctional services",
431,Commissioned police officers,"RC4.2 - Split off, VC1 - Code Change, VC2 - Name Change",40040,Commissioned police officers and related occupations in public protection services,0431 continues as 40040 and part split off to emerging item 41310
431,Commissioned police officers,"RC4.2 - Split off, VC1 - Code Change, VC2 - Name Change",41310,Police investigators and other investigative occupations,0431 continues as 40040 and part split off to emerging item 41310
432,Fire chiefs and senior firefighting officers,"VC1 - Code Change, VC2 - Name Change",40041,Fire chiefs and senior firefighting officers,
433,Commissioned officers of the Canadian Armed Forces,"RC5 - Transfer, VC1 - Code Change, VC2 - Name Change",10012,Purchasing managers,0433 continues as 40042 and part transferred to 10012
433,Commissioned officers of the Canadian Armed Forces,"RC5 - Transfer, VC1 - Code Change, VC2 - Name Change",40042,Commissioned officers of the Canadian Armed Forces,0433 continues as 40042 and part transferred to 10012
511,"Library, archive, museum and art gallery managers","VC1 - Code Change, VC2 - Name Change",50010,"Library, archive, museum and art gallery managers",
512,"Managers - publishing, motion pictures, broadcasting and performing arts","VC1 - Code Change, VC2 - Name Change",50011,"Managers - publishing, motion pictures, broadcasting and performing arts",
513,"Recreation, sports and fitness program and service directors","VC1 - Code Change, VC2 - Name Change",50012,"Recreation, sports and fitness program and service directors",
601,Corporate sales managers,"VC1 - Code Change, VC2 - Name Change",60010,Corporate sales managers,
621,Retail and wholesale trade managers,"VC1 - Code Change, VC2 - Name Change",60020,Retail and wholesale trade managers,
631,Restaurant and food service managers,"VC1 - Code Change, VC2 - Name Change",60030,Restaurant and food service managers,
632,Accommodation service managers,"VC1 - Code Change, VC2 - Name Change",60031,Accommodation service managers,
651,"Managers in customer and personal services, n.e.c.","VC1 - Code Change, VC2 - Name Change",60040,Managers in customer and personal services,
711,Construction managers,"VC1 - Code Change, VC2 - Name Change",70010,Construction managers,
712,Home building and renovation managers,"VC1 - Code Change, VC2 - Name Change",70011,Home building and renovation managers,
714,Facility operation and maintenance managers,"VC1 - Code Change, VC2 - Name Change",70012,Facility operation and maintenance managers,
731,Managers in transportation,"VC1 - Code Change, VC2 - Name Change",70020,Managers in transportation,
811,Managers in natural resources production and fishing,"VC1 - Code Change, VC2 - Name Change",80010,Managers in natural resources production and fishing,
821,Managers in agriculture,"VC1 - Code Change, VC2 - Name Change",80020,Managers in agriculture,
822,Managers in horticulture,"VC1 - Code Change, VC2 - Name Change",80021,Managers in horticulture,
823,Managers in aquaculture,"VC1 - Code Change, VC2 - Name Change",80022,Managers in aquaculture,
911,Manufacturing managers,"VC1 - Code Change, VC2 - Name Change",90010,Manufacturing managers,
912,Utilities managers,"VC1 - Code Change, VC2 - Name Change",90011,Utilities managers,
1111,Financial auditors and accountants,"VC1 - Code Change, VC2 - Name Change",11100,Financial auditors and accountants,
1112,Financial and investment analysts,"VC1 - Code Change, VC2 - Name Change",11101,Financial and investment analysts,
1113,"Securities agents, investment dealers and brokers","VC1 - Code Change, VC2 - Name Change",11103,"Securities agents, investment dealers and brokers",
1114,Other financial officers,"RC5 - Transfer, VC1 - Code Change, VC2 - Name Change",11100,Financial auditors and accountants,1114 continues as 11109 and part transferred to 11100 and part split off to emerging item 11102
1114,Other financial officers,"RC4.2 - Split off, VC1 - Code Change, VC2 - Name Change",11102,Financial advisors,1114 continues as 11109 and part transferred to 11100 and part split off to emerging item 11102
1114,Other financial officers,"RC4.2 - Split off, RC5 - Transfer, VC1 - Code Change, VC2 - Name Change",11109,Other financial officers,1114 continues as 11109 and part transferred to 11100 and part split off to emerging item 11102
1121,Human resources professionals,"VC1 - Code Change, VC2 - Name Change",11200,Human resources professionals,
1122,Professional occupations in business management consulting,"VC1 - Code Change, VC2 - Name Change",11201,Professional occupations in business management consulting,
1123,"Professional occupations in advertising, marketing and public relations","RC5 - Transfer, VC1 - Code Change, VC2 - Name Change",10022,"Advertising, marketing and public relations managers",1123 continues as 11202 and part transferred to 11201 and 64409
1123,"Professional occupations in advertising, marketing and public relations","RC5 - Transfer, VC1 - Code Change, VC2 - Name Change",11202,"Professional occupations in advertising, marketing and public relations",1123 continues as 11202 and part transferred to 11201 and 64409
1123,"Professional occupations in advertising, marketing and public relations","RC5 - Transfer, VC1 - Code Change, VC2 - Name Change",64409,Other customer and information services representatives,1123 continues as 11202 and part transferred to 11201 and 64409
1211,"Supervisors, general office and administrative support workers","VC1 - Code Change, VC2 - Name Change",12010,"Supervisors, general office and administrative support workers",
1212,"Supervisors, finance and insurance office workers","VC1 - Code Change, VC2 - Name Change",12011,"Supervisors, finance and insurance office workers",
1213,"Supervisors, library, correspondence and related information workers","VC1 - Code Change, VC2 - Name Change",12012,"Supervisors, library, correspondence and related information workers",
1214,"Supervisors, mail and message distribution occupations","VC1 - Code Change, VC2 - Name Change",72025,"Supervisors, mail and message distribution occupations",
1215,"Supervisors, supply chain, tracking and scheduling co-ordination occupations","RC5 - Transfer, VC1 - Code Change, VC2 - Name Change",12013,"Supervisors, supply chain, tracking and scheduling coordination occupations",1215 continues as 12013 and part transferred to 13201 and 74202
1215,"Supervisors, supply chain, tracking and scheduling co-ordination occupations","RC5 - Transfer, VC1 - Code Change, VC2 - Name Change",13201,Production and transportation logistics coordinators,1215 continues as 12013 and part transferred to 13201 and 74202
1215,"Supervisors, supply chain, tracking and scheduling co-ordination occupations","RC5 - Transfer, VC1 - Code Change, VC2 - Name Change",74202,Air transport ramp attendants,1215 continues as 12013 and part transferred to 13201 and 74202
1221,Administrative officers,"VC1 - Code Change, VC2 - Name Change",13100,Administrative officers,
1222,Executive assistants,"VC1 - Code Change, VC2 - Name Change",12100,Executive assistants,
1223,Human resources and recruitment officers,"VC1 - Code Change, VC2 - Name Change",12101,Human resources and recruitment officers,
1224,Property administrators,"VC1 - Code Change, VC2 - Name Change",13101,Property administrators,
1225,Purchasing agents and officers,"VC1 - Code Change, VC2 - Name Change",12102,Procurement and purchasing agents and officers,
1226,Conference and event planners,"VC1 - Code Change, VC2 - Name Change",12103,Conference and event planners,
1227,Court officers and justices of the peace,"RC5 - Transfer, VC1 - Code Change, VC2 - Name Change",10019,Other administrative services managers,1227 continues as 14103 and part transferred to 10019 and 42200
1227,Court officers and justices of the peace,"RC5 - Transfer, VC1 - Code Change, VC2 - Name Change",14103,Court clerks and related court services occupations,1227 continues as 14103 and part transferred to 10019 and 42200
1227,Court officers and justices of the peace,"RC5 - Transfer, VC1 - Code Change, VC2 - Name Change",42200,Paralegals and related occupations,1227 continues as 14103 and part transferred to 10019 and 42200
1228,"Employment insurance, immigration, border services and revenue officers","RC4.2 - Split off, VC1 - Code Change, VC2 - Name Change",12104,Employment insurance and revenue officers,1228 continues as 43203 and part split off to emerging item 12104
1228,"Employment insurance, immigration, border services and revenue officers","RC4.2 - Split off, VC1 - Code Change, VC2 - Name Change",43203,"Border services, customs, and immigration officers",1228 continues as 43203 and part split off to emerging item 12104
1241,Administrative assistants,"VC1 - Code Change, VC2 - Name Change",13110,Administrative assistants,
1242,Legal administrative assistants,"VC1 - Code Change, VC2 - Name Change",13111,Legal administrative assistants,
1243,Medical administrative assistants,"VC1 - Code Change, VC2 - Name Change",13112,Medical administrative assistants,
1251,"Court reporters, medical transcriptionists and related occupations","VC1 - Code Change, VC2 - Name Change",12110,"Court reporters, medical transcriptionists and related occupations",
1252,Health information management occupations,"VC1 - Code Change, VC2 - Name Change",12111,Health information management occupations,
1253,Records management technicians,"RC5 - Transfer, VC1 - Code Change, VC2 - Name Change",12111,Health information management occupations,1253 continues as 12112 and part transferred to 12111
1253,Records management technicians,"RC5 - Transfer, VC1 - Code Change, VC2 - Name Change",12112,Records management technicians,1253 continues as 12112 and part transferred to 12111
1254,Statistical officers and related research support occupations,"VC1 - Code Change, VC2 - Name Change",12113,Statistical officers and related research support occupations,
1311,Accounting technicians and bookkeepers,"VC1 - Code Change, VC2 - Name Change",12200,Accounting technicians and bookkeepers,
1312,Insurance adjusters and claims examiners,"VC1 - Code Change, VC2 - Name Change",12201,Insurance adjusters and claims examiners,
1313,Insurance underwriters,"VC1 - Code Change, VC2 - Name Change",12202,Insurance underwriters,
1314,"Assessors, valuators and appraisers","VC1 - Code Change, VC2 - Name Change",12203,"Assessors, business valuators and appraisers",
1315,"Customs, ship and other brokers","VC1 - Code Change, VC2 - Name Change",13200,"Customs, ship and other brokers",
1411,General office support workers,"VC1 - Code Change, VC2 - Name Change",14100,General office support workers,
1414,Receptionists,"VC1 - Code Change, VC2 - Name Change",14101,Receptionists,
1415,Personnel clerks,"VC1 - Code Change, VC2 - Name Change",14102,Personnel clerks,
1416,Court clerks,"VC1 - Code Change, VC2 - Name Change",14103,Court clerks and related court services occupations,
1422,Data entry clerks,"VC1 - Code Change, VC2 - Name Change",14111,Data entry clerks,
1423,Desktop publishing operators and related occupations,"VC1 - Code Change, VC2 - Name Change",14112,Desktop publishing operators and related occupations,
1431,Accounting and related clerks,"VC1 - Code Change, VC2 - Name Change",14200,Accounting and related clerks,
1432,Payroll administrators,"VC1 - Code Change, VC2 - Name Change",13102,Payroll administrators,
1434,"Banking, insurance and other financial clerks","VC1 - Code Change, VC2 - Name Change",14201,"Banking, insurance and other financial clerks",
1435,Collectors,"VC1 - Code Change, VC2 - Name Change",14202,Collection clerks,
1451,Library assistants and clerks,"VC1 - Code Change, VC2 - Name Change",14300,Library assistants and clerks,
1452,"Correspondence, publication and regulatory clerks","VC1 - Code Change, VC2 - Name Change",14301,"Correspondence, publication and regulatory clerks",
1454,Survey interviewers and statistical clerks,"VC1 - Code Change, VC2 - Name Change",14110,Survey interviewers and statistical clerks,
1511,"Mail, postal and related workers","RC4.2 - Split off, VC1 - Code Change, VC2 - Name Change",64401,Postal services representatives,1511 continues as 64401 and part split off to emerging item 74100
1511,"Mail, postal and related workers","RC4.2 - Split off, VC1 - Code Change, VC2 - Name Change",74100,Mail and parcel sorters and related occupations,1511 continues as 64401 and part split off to emerging item 74100
1512,Letter carriers,"VC1 - Code Change, VC2 - Name Change",74101,Letter carriers,
1513,"Couriers, messengers and door-to-door distributors","RC5 - Transfer, VC1 - Code Change, VC2 - Name Change",74102,Couriers and messengers,1513 continues as 74102 and part transferred to 75201
1513,"Couriers, messengers and door-to-door distributors","RC5 - Transfer, VC1 - Code Change, VC2 - Name Change",75201,Delivery service drivers and door-to-door distributors,1513 continues as 74102 and part transferred to 75201
1521,Shippers and receivers,"VC1 - Code Change, VC2 - Name Change",14400,Shippers and receivers,
1522,Storekeepers and partspersons,"VC1 - Code Change, VC2 - Name Change",14401,Storekeepers and partspersons,
1523,Production logistics co-ordinators,"RC4.2 - Split off, VC1 - Code Change, VC2 - Name Change",13201,Production and transportation logistics coordinators,1523 continues as 13201 and part split off to emerging item 14402
1523,Production logistics co-ordinators,"RC4.2 - Split off, VC1 - Code Change, VC2 - Name Change",14402,Production logistics workers,1523 continues as 13201 and part split off to emerging item 14402
1524,Purchasing and inventory control workers,"VC1 - Code Change, VC2 - Name Change",14403,Purchasing and inventory control workers,
1525,Dispatchers,"RC5 - Transfer, VC1 - Code Change, VC2 - Name Change",13201,Production and transportation logistics coordinators,1525 continues as 14404 and part transferred to 13201
1525,Dispatchers,"RC5 - Transfer, VC1 - Code Change, VC2 - Name Change",14404,Dispatchers,1525 continues as 14404 and part transferred to 13201
1526,Transportation route and crew schedulers,"VC1 - Code Change, VC2 - Name Change",14405,Transportation route and crew schedulers,
2111,Physicists and astronomers,"VC1 - Code Change, VC2 - Name Change",21100,Physicists and astronomers,
2112,Chemists,"VC1 - Code Change, VC2 - Name Change",21101,Chemists,
2113,Geoscientists and oceanographers,"VC1 - Code Change, VC2 - Name Change",21102,Geoscientists and oceanographers,
2114,Meteorologists and climatologists,"VC1 - Code Change, VC2 - Name Change",21103,Meteorologists and climatologists,
2115,Other professional occupations in physical sciences,"VC1 - Code Change, VC2 - Name Change",21109,Other professional occupations in physical sciences,
2121,Biologists and related scientists,"VC1 - Code Change, VC2 - Name Change",21110,Biologists and related scientists,
2122,Forestry professionals,"VC1 - Code Change, VC2 - Name Change",21111,Forestry professionals,
2123,"Agricultural representatives, consultants and specialists","VC1 - Code Change, VC2 - Name Change",21112,"Agricultural representatives, consultants and specialists",
2131,Civil engineers,"VC1 - Code Change, VC2 - Name Change",21300,Civil engineers,
2132,Mechanical engineers,"VC1 - Code Change, VC2 - Name Change",21301,Mechanical engineers,
2133,Electrical and electronics engineers,"VC1 - Code Change, VC2 - Name Change",21310,Electrical and electronics engineers,
2134,Chemical engineers,"VC1 - Code Change, VC2 - Name Change",21320,Chemical engineers,
2141,Industrial and manufacturing engineers,"VC1 - Code Change, VC2 - Name Change",21321,Industrial and manufacturing engineers,
2142,Metallurgical and materials engineers,"VC1 - Code Change, VC2 - Name Change",21322,Metallurgical and materials engineers,
2143,Mining engineers,"VC1 - Code Change, VC2 - Name Change",21330,Mining engineers,
2144,Geological engineers,"VC1 - Code Change, VC2 - Name Change",21331,Geological engineers,
2145,Petroleum engineers,"VC1 - Code Change, VC2 - Name Change",21332,Petroleum engineers,
2146,Aerospace engineers,"VC1 - Code Change, VC2 - Name Change",21390,Aerospace engineers,
2147,Computer engineers (except software engineers and designers),"VC1 - Code Change, VC2 - Name Change",21311,Computer engineers (except software engineers and designers),
2148,"Other professional engineers, n.e.c.","VC1 - Code Change, VC2 - Name Change",21399,Other professional engineers,
2151,Architects,"VC1 - Code Change, VC2 - Name Change",21200,Architects,
2152,Landscape architects,"VC1 - Code Change, VC2 - Name Change",21201,Landscape architects,
2153,Urban and land use planners,"VC1 - Code Change, VC2 - Name Change",21202,Urban and land use planners,
2154,Land surveyors,"VC1 - Code Change, VC2 - Name Change",21203,Land surveyors,
2161,"Mathematicians, statisticians and actuaries","VC1 - Code Change, VC2 - Name Change",21210,"Mathematicians, statisticians and actuaries",
2171,Information systems analysts and consultants,"RC4.2 - Split off, VC1 - Code Change, VC2 - Name Change",21211,Data scientists,"2171 continues 21222 and part split off to emerging items 21211, 21220, 21221 and 21233"
2171,Information systems analysts and consultants,"RC4.2 - Split off, VC1 - Code Change, VC2 - Name Change",21220,Cybersecurity specialists,"2171 continues 21222 and part split off to emerging items 21211, 21220, 21221 and 21233"
2171,Information systems analysts and consultants,"RC4.2 - Split off, VC1 - Code Change, VC2 - Name Change",21221,Business systems specialists,"2171 continues 21222 and part split off to emerging items 21211, 21220, 21221 and 21233"
2171,Information systems analysts and consultants,"RC4.2 - Split off, VC1 - Code Change, VC2 - Name Change",21222,Information systems specialists,"2171 continues 21222 and part split off to emerging items 21211, 21220, 21221 and 21233"
2171,Information systems analysts and consultants,"RC4.2 - Split off, VC1 - Code Change, VC2 - Name Change",21233,Web designers,"2171 continues 21222 and part split off to emerging items 21211, 21220, 21221 and 21233"
2172,Database analysts and data administrators,"RC4.2 - Split off, VC1 - Code Change, VC2 - Name Change",21211,Data scientists,2172 continues as 21223 and part split off to emerging item 21211
2172,Database analysts and data administrators,"RC4.2 - Split off, VC1 - Code Change, VC2 - Name Change",21223,Database analysts and data administrators,2172 continues as 21223 and part split off to emerging item 21211
2173,Software engineers and designers,"RC4.2 - Split off, VC1 - Code Change, VC2 - Name Change",21211,Data scientists,2173 continues as 21231 and part split off to emerging item 21211
2173,Software engineers and designers,"RC4.2 - Split off, VC1 - Code Change, VC2 - Name Change",21231,Software engineers and designers,2173 continues as 21231 and part split off to emerging item 21211
2174,Computer programmers and interactive media developers,"RC4.2 - Split off, RC5 - Transfer, VC1 - Code Change, VC2 - Name Change",21230,Computer systems developers and programmers,2174 continues as 21230 and part transferred to 21234 and part split off to emerging item 21232
2174,Computer programmers and interactive media developers,"RC4.2 - Split off, VC1 - Code Change, VC2 - Name Change",21232,Software developers and programmers,2174 continues as 21230 and part transferred to 21234 and part split off to emerging item 21232
2174,Computer programmers and interactive media developers,"RC5 - Transfer, VC1 - Code Change, VC2 - Name Change",21234,Web developers and programmers,2174 continues as 21230 and part transferred to 21234 and part split off to emerging item 21232
2175,Web designers and developers,"RC4.2 - Split off, VC1 - Code Change, VC2 - Name Change",21233,Web designers,2175 continues as 21234 and part split off to emerging item 21233
2175,Web designers and developers,"RC4.2 - Split off, VC1 - Code Change, VC2 - Name Change",21234,Web developers and programmers,2175 continues as 21234 and part split off to emerging item 21233
2211,Chemical technologists and technicians,"VC1 - Code Change, VC2 - Name Change",22100,Chemical technologists and technicians,
2212,Geological and mineral technologists and technicians,"VC1 - Code Change, VC2 - Name Change",22101,Geological and mineral technologists and technicians,
2221,Biological technologists and technicians,"VC1 - Code Change, VC2 - Name Change",22110,Biological technologists and technicians,
2222,Agricultural and fish products inspectors,"VC1 - Code Change, VC2 - Name Change",22111,Agricultural and fish products inspectors,
2223,Forestry technologists and technicians,"VC1 - Code Change, VC2 - Name Change",22112,Forestry technologists and technicians,
2224,Conservation and fishery officers,"VC1 - Code Change, VC2 - Name Change",22113,Conservation and fishery officers,
2225,Landscape and horticulture technicians and specialists,"VC1 - Code Change, VC2 - Name Change",22114,Landscape and horticulture technicians and specialists,
2231,Civil engineering technologists and technicians,"VC1 - Code Change, VC2 - Name Change",22300,Civil engineering technologists and technicians,
2232,Mechanical engineering technologists and technicians,"VC1 - Code Change, VC2 - Name Change",22301,Mechanical engineering technologists and technicians,
2233,Industrial engineering and manufacturing technologists and technicians,"VC1 - Code Change, VC2 - Name Change",22302,Industrial engineering and manufacturing technologists and technicians,
2234,Construction estimators,"VC1 - Code Change, VC2 - Name Change",22303,Construction estimators,
2241,Electrical and electronics engineering technologists and technicians,"VC1 - Code Change, VC2 - Name Change",22310,Electrical and electronics engineering technologists and technicians,
2242,Electronic service technicians (household and business equipment),"VC1 - Code Change, VC2 - Name Change",22311,Electronic service technicians (household and business equipment),
2243,Industrial instrument technicians and mechanics,"VC1 - Code Change, VC2 - Name Change",22312,Industrial instrument technicians and mechanics,
2244,"Aircraft instrument, electrical and avionics mechanics, technicians and inspectors","VC1 - Code Change, VC2 - Name Change",22313,"Aircraft instrument, electrical and avionics mechanics, technicians and inspectors",
2251,Architectural technologists and technicians,"VC1 - Code Change, VC2 - Name Change",22210,Architectural technologists and technicians,
2252,Industrial designers,"VC1 - Code Change, VC2 - Name Change",22211,Industrial designers,
2253,Drafting technologists and technicians,"VC1 - Code Change, VC2 - Name Change",22212,Drafting technologists and technicians,
2254,Land survey technologists and technicians,"VC1 - Code Change, VC2 - Name Change",22213,Land survey technologists and technicians,
2255,Technical occupations in geomatics and meteorology,"VC1 - Code Change, VC2 - Name Change",22214,Technical occupations in geomatics and meteorology,
2261,Non-destructive testers and inspection technicians,"VC1 - Code Change, VC2 - Name Change",22230,Non-destructive testers and inspectors,
2262,Engineering inspectors and regulatory officers,"VC1 - Code Change, VC2 - Name Change",22231,Engineering inspectors and regulatory officers,
2263,Inspectors in public and environmental health and occupational health and safety,"RC4.1 - Breakdown, VC1 - Code Change, VC2 - Name Change",21120,Public and environmental health and safety professionals,2263 distributed between emerging items 21120 and 22232
2263,Inspectors in public and environmental health and occupational health and safety,"RC4.1 - Breakdown, VC1 - Code Change, VC2 - Name Change",22232,Occupational health and safety specialists,2263 distributed between emerging items 21120 and 22232
2264,Construction inspectors,"VC1 - Code Change, VC2 - Name Change",22233,Construction inspectors,
2271,"Air pilots, flight engineers and flying instructors","VC1 - Code Change, VC2 - Name Change",72600,"Air pilots, flight engineers and flying instructors",
2272,Air traffic controllers and related occupations,"VC1 - Code Change, VC2 - Name Change",72601,Air traffic controllers and related occupations,
2273,"Deck officers, water transport","VC1 - Code Change, VC2 - Name Change",72602,"Deck officers, water transport",
2274,"Engineer officers, water transport","VC1 - Code Change, VC2 - Name Change",72603,"Engineer officers, water transport",
2275,Railway traffic controllers and marine traffic regulators,"VC1 - Code Change, VC2 - Name Change",72604,Railway traffic controllers and marine traffic regulators,
2281,Computer network technicians,"VC1 - Code Change, VC2 - Name Change",22220,Computer network and web technicians,
2282,User support technicians,"VC1 - Code Change, VC2 - Name Change",22221,User support technicians,
2283,Information systems testing technicians,"VC1 - Code Change, VC2 - Name Change",22222,Information systems testing technicians,
3011,Nursing co-ordinators and supervisors,"VC1 - Code Change, VC2 - Name Change",31300,Nursing coordinators and supervisors,
3012,Registered nurses and registered psychiatric nurses,"VC1 - Code Change, VC2 - Name Change",31301,Registered nurses and registered psychiatric nurses,
3111,Specialist physicians,"RC4.2 - Split off, VC1 - Code Change, VC2 - Name Change",31100,Specialists in clinical and laboratory medicine,3111 continues as 31100 and part split off to emerging items 31101 and 41310
3111,Specialist physicians,"RC4.2 - Split off, VC1 - Code Change, VC2 - Name Change",31101,Specialists in surgery,3111 continues as 31100 and part split off to emerging items 31101 and 41310
3111,Specialist physicians,"RC4.2 - Split off, VC1 - Code Change, VC2 - Name Change",41310,Police investigators and other investigative occupations,3111 continues as 31100 and part split off to emerging items 31101 and 41310
3112,General practitioners and family physicians,"VC1 - Code Change, VC2 - Name Change",31102,General practitioners and family physicians,
3113,Dentists,"VC1 - Code Change, VC2 - Name Change",31110,Dentists,
3114,Veterinarians,"VC1 - Code Change, VC2 - Name Change",31103,Veterinarians,
3121,Optometrists,"VC1 - Code Change, VC2 - Name Change",31111,Optometrists,
3122,Chiropractors,"VC1 - Code Change, VC2 - Name Change",31201,Chiropractors,
3124,Allied primary health practitioners,"RC4.2 - Split off, VC1 - Code Change, VC2 - Name Change",31302,Nurse practitioners,3124 continues as 31303 and part transferred to 32103 and part split off to emerging item 31302
3124,Allied primary health practitioners,"RC4.2 - Split off, RC5 - Transfer, VC1 - Code Change, VC2 - Name Change",31303,"Physician assistants, midwives and allied health professionals",3124 continues as 31303 and part transferred to 32103 and part split off to emerging item 31302
3124,Allied primary health practitioners,"RC5 - Transfer, VC1 - Code Change, VC2 - Name Change",32103,"Respiratory therapists, clinical perfusionists and cardiopulmonary technologists",3124 continues as 31303 and part transferred to 32103 and part split off to emerging item 31302
3125,Other professional occupations in health diagnosing and treating,"RC5 - Transfer, VC1 - Code Change, VC2 - Name Change",31209,Other professional occupations in health diagnosing and treating,3125 continues as 31209 and part transferred to 31303
3125,Other professional occupations in health diagnosing and treating,"RC5 - Transfer, VC1 - Code Change, VC2 - Name Change",31303,"Physician assistants, midwives and allied health professionals",3125 continues as 31209 and part transferred to 31303
3131,Pharmacists,"VC1 - Code Change, VC2 - Name Change",31120,Pharmacists,
3132,Dietitians and nutritionists,"VC1 - Code Change, VC2 - Name Change",31121,Dietitians and nutritionists,
3141,Audiologists and speech-language pathologists,"VC1 - Code Change, VC2 - Name Change",31112,Audiologists and speech-language pathologists,
3142,Physiotherapists,"RC5 - Transfer, VC1 - Code Change, VC2 - Name Change",31202,Physiotherapists,3142 continues as 31202 and part transferred to 32109
3142,Physiotherapists,"RC5 - Transfer, VC1 - Code Change, VC2 - Name Change",32109,Other technical occupations in therapy and assessment,3142 continues as 31202 and part transferred to 32109
3143,Occupational therapists,"VC1 - Code Change, VC2 - Name Change",31203,Occupational therapists,
3144,Other professional occupations in therapy and assessment,"RC5 - Transfer, VC1 - Code Change, VC2 - Name Change",31204,Kinesiologists and other professional occupations in therapy and assessment,3144 continues as 31204 and part transferred to 41301
3144,Other professional occupations in therapy and assessment,"RC5 - Transfer, VC1 - Code Change, VC2 - Name Change",41301,Therapists in counselling and related specialized therapies,3144 continues as 31204 and part transferred to 41301
3211,Medical laboratory technologists,"VC1 - Code Change, VC2 - Name Change",32120,Medical laboratory technologists,
3212,Medical laboratory technicians and pathologists' assistants,"RC5 - Transfer, VC1 - Code Change, VC2 - Name Change",31303,"Physician assistants, midwives and allied health professionals",3212 continues as 33101 and part transferred to 31303 and 32120
3212,Medical laboratory technicians and pathologists' assistants,"RC5 - Transfer, VC1 - Code Change, VC2 - Name Change",32120,Medical laboratory technologists,3212 continues as 33101 and part transferred to 31303 and 32120
3212,Medical laboratory technicians and pathologists' assistants,"RC5 - Transfer, VC1 - Code Change, VC2 - Name Change",33101,Medical laboratory assistants and related technical occupations,3212 continues as 33101 and part transferred to 31303 and 32120
3213,Animal health technologists and veterinary technicians,"VC1 - Code Change, VC2 - Name Change",32104,Animal health technologists and veterinary technicians,
3214,"Respiratory therapists, clinical perfusionists and cardiopulmonary technologists","VC1 - Code Change, VC2 - Name Change",32103,"Respiratory therapists, clinical perfusionists and cardiopulmonary technologists",
3215,Medical radiation technologists,"VC1 - Code Change, VC2 - Name Change",32121,Medical radiation technologists,
3216,Medical sonographers,"VC1 - Code Change, VC2 - Name Change",32122,Medical sonographers,
3217,"Cardiology technologists and electrophysiological diagnostic technologists, n.e.c.","VC1 - Code Change, VC2 - Name Change",32123,Cardiology technologists and electrophysiological diagnostic technologists,
3219,Other medical technologists and technicians (except dental health),"RC4.2 - Split off, VC1 - Code Change, VC2 - Name Change",32124,Pharmacy technicians,3219 continues as 32129 and part transferred to 33103 and part split off to emerging item 32124
3219,Other medical technologists and technicians (except dental health),"RC4.2 - Split off, RC5 - Transfer, VC1 - Code Change, VC2 - Name Change",32129,Other medical technologists and technicians,3219 continues as 32129 and part transferred to 33103 and part split off to emerging item 32124
3219,Other medical technologists and technicians (except dental health),"RC5 - Transfer, VC1 - Code Change, VC2 - Name Change",33103,Pharmacy technical assistants and pharmacy assistants,3219 continues as 32129 and part transferred to 33103 and part split off to emerging item 32124
3221,Denturists,"VC1 - Code Change, VC2 - Name Change",32110,Denturists,
3222,Dental hygienists and dental therapists,"VC1 - Code Change, VC2 - Name Change",32111,Dental hygienists and dental therapists,
3223,"Dental technologists, technicians and laboratory assistants","RC5 - Transfer, VC1 - Code Change, VC2 - Name Change",32112,Dental technologists and technicians,3223 continues as 32112 and part transferred to 33100
3223,"Dental technologists, technicians and laboratory assistants","RC5 - Transfer, VC1 - Code Change, VC2 - Name Change",33100,Dental assistants and dental laboratory assistants,3223 continues as 32112 and part transferred to 33100
3231,Opticians,"VC1 - Code Change, VC2 - Name Change",32100,Opticians,
3232,Practitioners of natural healing,"RC4.2 - Split off, VC1 - Code Change, VC2 - Name Change",32200,Traditional Chinese medicine practitioners and acupuncturists,3232 continues as 32209 and part transferred to emerging item 32200
3232,Practitioners of natural healing,"RC4.2 - Split off, VC1 - Code Change, VC2 - Name Change",32209,Other practitioners of natural healing,3232 continues as 32209 and part transferred to emerging item 32200
3233,Licensed practical nurses,"VC1 - Code Change, VC2 - Name Change",32101,Licensed practical nurses,
3234,Paramedical occupations,"VC1 - Code Change, VC2 - Name Change",32102,Paramedical occupations,
3236,Massage therapists,"VC1 - Code Change, VC2 - Name Change",32201,Massage therapists,
3237,Other technical occupations in therapy and assessment,"RC5 - Transfer, VC1 - Code Change, VC2 - Name Change",32109,Other technical occupations in therapy and assessment,3237 continues as 32109 and part transferred to 33109
3237,Other technical occupations in therapy and assessment,"RC5 - Transfer, VC1 - Code Change, VC2 - Name Change",33109,Other assisting occupations in support of health services,3237 continues as 32109 and part transferred to 33109
3411,Dental assistants,"VC1 - Code Change, VC2 - Name Change",33100,Dental assistants and dental laboratory assistants,
3413,"Nurse aides, orderlies and patient service associates","VC1 - Code Change, VC2 - Name Change",33102,"Nurse aides, orderlies and patient service associates",
3414,Other assisting occupations in support of health services,"RC5 - Transfer, VC1 - Code Change, VC2 - Name Change",32109,Other technical occupations in therapy and assessment,3414 continues as 33109 and part transferred to 32109 and part split off to emerging item 33103
3414,Other assisting occupations in support of health services,"RC4.2 - Split off, VC1 - Code Change, VC2 - Name Change",33103,Pharmacy technical assistants and pharmacy assistants,3414 continues as 33109 and part transferred to 32109 and part split off to emerging item 33103
3414,Other assisting occupations in support of health services,"RC4.2 - Split off, VC1 - Code Change, VC2 - Name Change",33109,Other assisting occupations in support of health services,3414 continues as 33109 and part transferred to 32109 and part split off to emerging item 33103
4011,University professors and lecturers,"VC1 - Code Change, VC2 - Name Change",41200,University professors and lecturers,
4012,Post-secondary teaching and research assistants,"VC1 - Code Change, VC2 - Name Change",41201,Post-secondary teaching and research assistants,
4021,College and other vocational instructors,"VC1 - Code Change, VC2 - Name Change",41210,College and other vocational instructors,
4031,Secondary school teachers,"VC1 - Code Change, VC2 - Name Change",41220,Secondary school teachers,
4032,Elementary school and kindergarten teachers,"VC1 - Code Change, VC2 - Name Change",41221,Elementary school and kindergarten teachers,
4033,Educational counsellors,"VC1 - Code Change, VC2 - Name Change",41320,Educational counsellors,
4111,Judges,"VC1 - Code Change, VC2 - Name Change",41100,Judges,
4112,Lawyers and Quebec notaries,"VC1 - Code Change, VC2 - Name Change",41101,Lawyers and Quebec notaries,
4151,Psychologists,"RC5 - Transfer, VC1 - Code Change, VC2 - Name Change",31200,Psychologists,4151 continues as 31200 and part transferred to 41301
4151,Psychologists,"RC5 - Transfer, VC1 - Code Change, VC2 - Name Change",41301,Therapists in counselling and related specialized therapies,4151 continues as 31200 and part transferred to 41301
4152,Social workers,"VC1 - Code Change, VC2 - Name Change",41300,Social workers,
4153,"Family, marriage and other related counsellors","RC5 - Transfer, VC1 - Code Change, VC2 - Name Change",31303,"Physician assistants, midwives and allied health professionals",4153 continues as 41301 with part transferred to 31303 and 41321
4153,"Family, marriage and other related counsellors","RC5 - Transfer, VC1 - Code Change, VC2 - Name Change",41301,Therapists in counselling and related specialized therapies,4153 continues as 41301 with part transferred to 31303 and 41321
4153,"Family, marriage and other related counsellors","RC5 - Transfer, VC1 - Code Change, VC2 - Name Change",41321,Career development practitioners and career counsellors (except education),4153 continues as 41301 with part transferred to 31303 and 41321
4154,Professional occupations in religion,"VC1 - Code Change, VC2 - Name Change",41302,Religious leaders,
4155,Probation and parole officers and related occupations,"RC5 - Transfer, VC1 - Code Change, VC2 - Name Change",41311,Probation and parole officers,4155 continues as 41311 and part transferred to 42201
4155,Probation and parole officers and related occupations,"RC5 - Transfer, VC1 - Code Change, VC2 - Name Change",42201,Social and community service workers,4155 continues as 41311 and part transferred to 42201
4156,Employment counsellors,"VC1 - Code Change, VC2 - Name Change",41321,Career development practitioners and career counsellors (except education),
4161,"Natural and applied science policy researchers, consultants and program officers","VC1 - Code Change, VC2 - Name Change",41400,"Natural and applied science policy researchers, consultants and program officers",
4162,Economists and economic policy researchers and analysts,"VC1 - Code Change, VC2 - Name Change",41401,Economists and economic policy researchers and analysts,
4163,Business development officers and marketing researchers and consultants,"RC5 - Transfer, VC1 - Code Change, VC2 - Name Change",11202,"Professional occupations in advertising, marketing and public relations",4163 continues as 41402 and part transferred to 11202
4163,Business development officers and marketing researchers and consultants,"RC5 - Transfer, VC1 - Code Change, VC2 - Name Change",41402,Business development officers and market researchers and analysts,4163 continues as 41402 and part transferred to 11202
4164,"Social policy researchers, consultants and program officers","VC1 - Code Change, VC2 - Name Change",41403,"Social policy researchers, consultants and program officers",
4165,"Health policy researchers, consultants and program officers","RC5 - Transfer, VC1 - Code Change, VC2 - Name Change",21110,Biologists and related scientists,4165 continues as 41404 and part transferred to 21110 and part split off to emerging item 41310
4165,"Health policy researchers, consultants and program officers","RC4.2 - Split off, VC1 - Code Change, VC2 - Name Change",41310,Police investigators and other investigative occupations,4165 continues as 41404 and part transferred to 21110 and part split off to emerging item 41310
4165,"Health policy researchers, consultants and program officers","RC5 - Transfer, VC1 - Code Change, VC2 - Name Change",41404,"Health policy researchers, consultants and program officers",4165 continues as 41404 and part transferred to 21110 and part split off to emerging item 41310
4166,"Education policy researchers, consultants and program officers","VC1 - Code Change, VC2 - Name Change",41405,"Education policy researchers, consultants and program officers",
4167,"Recreation, sports and fitness policy researchers, consultants and program officers","VC1 - Code Change, VC2 - Name Change",41406,"Recreation, sports and fitness policy researchers, consultants and program officers",
4168,Program officers unique to government,"VC1 - Code Change, VC2 - Name Change",41407,Program officers unique to government,
4169,"Other professional occupations in social science, n.e.c.","VC1 - Code Change, VC2 - Name Change",41409,Other professional occupations in social science,
4211,Paralegal and related occupations,"VC1 - Code Change, VC2 - Name Change",42200,Paralegals and related occupations,
4212,Social and community service workers,"VC1 - Code Change, VC2 - Name Change",42201,Social and community service workers,
4214,Early childhood educators and assistants,"VC1 - Code Change, VC2 - Name Change",42202,Early childhood educators and assistants,
4215,Instructors of persons with disabilities,"VC1 - Code Change, VC2 - Name Change",42203,Instructors of persons with disabilities,
4216,Other instructors,"VC1 - Code Change, VC2 - Name Change",43109,Other instructors,
4217,Other religious occupations,"VC1 - Code Change, VC2 - Name Change",42204,Religion workers,
4311,Police officers (except commissioned),"RC4.2 - Split off, VC1 - Code Change, VC2 - Name Change",41310,Police investigators and other investigative occupations,4311 continues as 42100 and part split off to emerging item 41310
4311,Police officers (except commissioned),"RC4.2 - Split off, VC1 - Code Change, VC2 - Name Change",42100,Police officers (except commissioned),4311 continues as 42100 and part split off to emerging item 41310
4312,Firefighters,"VC1 - Code Change, VC2 - Name Change",42101,Firefighters,
4313,Non-commissioned ranks of the Canadian Armed Forces,"RC4.2 - Split off, VC1 - Code Change, VC2 - Name Change",42102,Specialized members of the Canadian Armed Forces,4313 continues as 44200 and part split off to emerging items 42102 and 43204
4313,Non-commissioned ranks of the Canadian Armed Forces,"RC4.2 - Split off, VC1 - Code Change, VC2 - Name Change",43204,Operations members of the Canadian Armed Forces,4313 continues as 44200 and part split off to emerging items 42102 and 43204
4313,Non-commissioned ranks of the Canadian Armed Forces,"RC4.2 - Split off, VC1 - Code Change, VC2 - Name Change",44200,Primary combat members of the Canadian Armed Forces,4313 continues as 44200 and part split off to emerging items 42102 and 43204
4411,Home child care providers,"VC1 - Code Change, VC2 - Name Change",44100,Home child care providers,
4412,"Home support workers, housekeepers and related occupations","RC5 - Transfer, VC1 - Code Change, VC2 - Name Change",44101,"Home support workers, caregivers and related occupations",4412 continues as 44101 and part transferred to 65310
4412,"Home support workers, housekeepers and related occupations","RC5 - Transfer, VC1 - Code Change, VC2 - Name Change",65310,Light duty cleaners,4412 continues as 44101 and part transferred to 65310
4413,Elementary and secondary school teacher assistants,"RC4.2 - Split off, VC1 - Code Change, VC2 - Name Change",43100,Elementary and secondary school teacher assistants,4413 continues as 43100 and part split off to emerging item 45100
4413,Elementary and secondary school teacher assistants,"RC4.2 - Split off, VC1 - Code Change, VC2 - Name Change",45100,"Student monitors, crossing guards and related occupations",4413 continues as 43100 and part split off to emerging item 45100
4421,Sheriffs and bailiffs,"VC1 - Code Change, VC2 - Name Change",43200,Sheriffs and bailiffs,
4422,Correctional service officers,"VC1 - Code Change, VC2 - Name Change",43201,Correctional service officers,
4423,"By-law enforcement and other regulatory officers, n.e.c.","VC1 - Code Change, VC2 - Name Change",43202,By-law enforcement and other regulatory officers,
5111,Librarians,"VC1 - Code Change, VC2 - Name Change",51100,Librarians,
5112,Conservators and curators,"VC1 - Code Change, VC2 - Name Change",51101,Conservators and curators,
5113,Archivists,"VC1 - Code Change, VC2 - Name Change",51102,Archivists,
5121,Authors and writers,"RC4.2 - Split off, VC1 - Code Change, VC2 - Name Change",51111,Authors and writers (except technical),5121 continues as 51111 and part split off to emerging item 51112
5121,Authors and writers,"RC4.2 - Split off, VC1 - Code Change, VC2 - Name Change",51112,Technical writers,5121 continues as 51111 and part split off to emerging item 51112
5122,Editors,"VC1 - Code Change, VC2 - Name Change",51110,Editors,
5123,Journalists,"VC1 - Code Change, VC2 - Name Change",51113,Journalists,
5125,"Translators, terminologists and interpreters","VC1 - Code Change, VC2 - Name Change",51114,"Translators, terminologists and interpreters",
5131,"Producers, directors, choreographers and related occupations","VC1 - Code Change, VC2 - Name Change",51120,"Producers, directors, choreographers and related occupations",
5132,"Conductors, composers and arrangers","VC1 - Code Change, VC2 - Name Change",51121,"Conductors, composers and arrangers",
5133,Musicians and singers,"VC1 - Code Change, VC2 - Name Change",51122,Musicians and singers,
5134,Dancers,"VC1 - Code Change, VC2 - Name Change",53120,Dancers,
5135,Actors and comedians,"VC1 - Code Change, VC2 - Name Change",53121,"Actors, comedians and circus performers",
5136,"Painters, sculptors and other visual artists","VC1 - Code Change, VC2 - Name Change",53122,"Painters, sculptors and other visual artists",
5211,Library and public archive technicians,"VC1 - Code Change, VC2 - Name Change",52100,Library and public archive technicians,
5212,Technical occupations related to museums and art galleries,"VC1 - Code Change, VC2 - Name Change",53100,"Registrars, restorers, interpreters and other occupations related to museum and art galleries",
5221,Photographers,"VC1 - Code Change, VC2 - Name Change",53110,Photographers,
5222,Film and video camera operators,"VC1 - Code Change, VC2 - Name Change",52110,Film and video camera operators,
5223,Graphic arts technicians,"VC1 - Code Change, VC2 - Name Change",52111,Graphic arts technicians,
5224,Broadcast technicians,"VC1 - Code Change, VC2 - Name Change",52112,Broadcast technicians,
5225,Audio and video recording technicians,"VC1 - Code Change, VC2 - Name Change",52113,Audio and video recording technicians,
5226,"Other technical and co-ordinating occupations in motion pictures, broadcasting and the performing arts","VC1 - Code Change, VC2 - Name Change",52119,"Other technical and coordinating occupations in motion pictures, broadcasting and the performing arts",
5227,"Support occupations in motion pictures, broadcasting, photography and the performing arts","VC1 - Code Change, VC2 - Name Change",53111,"Motion pictures, broadcasting, photography and performing arts assistants and operators",
5231,Announcers and other broadcasters,"VC1 - Code Change, VC2 - Name Change",52114,Announcers and other broadcasters,
5232,"Other performers, n.e.c.","RC5 - Transfer, VC1 - Code Change, VC2 - Name Change",53121,"Actors, comedians and circus performers",5232 continues as 55109 and part transferred to 53121
5232,"Other performers, n.e.c.","RC5 - Transfer, VC1 - Code Change, VC2 - Name Change",55109,Other performers,5232 continues as 55109 and part transferred to 53121
5241,Graphic designers and illustrators,"VC1 - Code Change, VC2 - Name Change",52120,Graphic designers and illustrators,
5242,Interior designers and interior decorators,"VC1 - Code Change, VC2 - Name Change",52121,Interior designers and interior decorators,
5243,"Theatre, fashion, exhibit and other creative designers","RC5 - Transfer, VC1 - Code Change, VC2 - Name Change",53123,"Theatre, fashion, exhibit and other creative designers",5243 continues as 53123 and part transferred to 62010 and 64100
5243,"Theatre, fashion, exhibit and other creative designers","RC5 - Transfer, VC1 - Code Change, VC2 - Name Change",62010,Retail sales supervisors,5243 continues as 53123 and part transferred to 62010 and 64100
5243,"Theatre, fashion, exhibit and other creative designers","RC5 - Transfer, VC1 - Code Change, VC2 - Name Change",64100,Retail salespersons and visual merchandisers,5243 continues as 53123 and part transferred to 62010 and 64100
5244,Artisans and craftspersons,"VC1 - Code Change, VC2 - Name Change",53124,Artisans and craftspersons,
5245,"Patternmakers - textile, leather and fur products","VC1 - Code Change, VC2 - Name Change",53125,"Patternmakers - textile, leather and fur products",
5251,Athletes,"VC1 - Code Change, VC2 - Name Change",53200,Athletes,
5252,Coaches,"VC1 - Code Change, VC2 - Name Change",53201,Coaches,
5253,Sports officials and referees,"VC1 - Code Change, VC2 - Name Change",53202,Sports officials and referees,
5254,"Program leaders and instructors in recreation, sport and fitness","VC1 - Code Change, VC2 - Name Change",54100,"Program leaders and instructors in recreation, sport and fitness",
6211,Retail sales supervisors,"VC1 - Code Change, VC2 - Name Change",62010,Retail sales supervisors,
6221,Technical sales specialists - wholesale trade,"RC5 - Transfer, VC1 - Code Change, VC2 - Name Change",62100,Technical sales specialists - wholesale trade,6221 continues as 62100 and part transferred to 70012 and 75101
6221,Technical sales specialists - wholesale trade,"RC5 - Transfer, VC1 - Code Change, VC2 - Name Change",70012,Facility operation and maintenance managers,6221 continues as 62100 and part transferred to 70012 and 75101
6221,Technical sales specialists - wholesale trade,"RC5 - Transfer, VC1 - Code Change, VC2 - Name Change",75101,Material handlers,6221 continues as 62100 and part transferred to 70012 and 75101
6222,Retail and wholesale buyers,"VC1 - Code Change, VC2 - Name Change",62101,Retail and wholesale buyers,
6231,Insurance agents and brokers,"VC1 - Code Change, VC2 - Name Change",63100,Insurance agents and brokers,
6232,Real estate agents and salespersons,"VC1 - Code Change, VC2 - Name Change",63101,Real estate agents and salespersons,
6235,Financial sales representatives,"VC1 - Code Change, VC2 - Name Change",63102,Financial sales representatives,
6311,Food service supervisors,"VC1 - Code Change, VC2 - Name Change",62020,Food service supervisors,
6312,Executive housekeepers,"VC1 - Code Change, VC2 - Name Change",62021,Executive housekeepers,
6313,"Accommodation, travel, tourism and related services supervisors","VC1 - Code Change, VC2 - Name Change",62022,"Accommodation, travel, tourism and related services supervisors",
6314,Customer and information services supervisors,"VC1 - Code Change, VC2 - Name Change",62023,Customer and information services supervisors,
6315,Cleaning supervisors,"VC1 - Code Change, VC2 - Name Change",62024,Cleaning supervisors,
6316,Other services supervisors,"RC5 - Transfer, VC1 - Code Change, VC2 - Name Change",62029,Other services supervisors,6316 continues as 62029 and part transferred to 65211
6316,Other services supervisors,"RC5 - Transfer, VC1 - Code Change, VC2 - Name Change",65211,"Operators and attendants in amusement, recreation and sport",6316 continues as 62029 and part transferred to 65211
6321,Chefs,"VC1 - Code Change, VC2 - Name Change",62200,Chefs,
6322,Cooks,"VC1 - Code Change, VC2 - Name Change",63200,Cooks,
6331,"Butchers, meat cutters and fishmongers - retail and wholesale","RC4.2 - Split off, VC1 - Code Change, VC2 - Name Change",63201,Butchers - retail and wholesale,6331 continues as 63201 and part split off to emerging item 65202
6331,"Butchers, meat cutters and fishmongers - retail and wholesale","RC4.2 - Split off, VC1 - Code Change, VC2 - Name Change",65202,Meat cutters and fishmongers - retail and wholesale,6331 continues as 63201 and part split off to emerging item 65202
6332,Bakers,"VC1 - Code Change, VC2 - Name Change",63202,Bakers,
6341,Hairstylists and barbers,"VC1 - Code Change, VC2 - Name Change",63210,Hairstylists and barbers,
6342,"Tailors, dressmakers, furriers and milliners","VC1 - Code Change, VC2 - Name Change",64200,"Tailors, dressmakers, furriers and milliners",
6343,Shoe repairers and shoemakers,"VC1 - Code Change, VC2 - Name Change",63220,Shoe repairers and shoemakers,
6344,"Jewellers, jewellery and watch repairers and related occupations","VC1 - Code Change, VC2 - Name Change",62202,"Jewellers, jewellery and watch repairers and related occupations",
6345,Upholsterers,"VC1 - Code Change, VC2 - Name Change",63221,Upholsterers,
6346,Funeral directors and embalmers,"VC1 - Code Change, VC2 - Name Change",62201,Funeral directors and embalmers,
6411,Sales and account representatives - wholesale trade (non-technical),"RC5 - Transfer, VC1 - Code Change, VC2 - Name Change",62100,Technical sales specialists - wholesale trade,6411 continues as 64101 and part transferred to 62100
6411,Sales and account representatives - wholesale trade (non-technical),"RC5 - Transfer, VC1 - Code Change, VC2 - Name Change",64101,Sales and account representatives - wholesale trade (non-technical),6411 continues as 64101 and part transferred to 62100
6421,Retail salespersons,"VC1 - Code Change, VC2 - Name Change",64100,Retail salespersons and visual merchandisers,
6511,Matres d'htel and hosts/hostesses,"VC1 - Code Change, VC2 - Name Change",64300,Matres d'htel and hosts/hostesses,
6512,Bartenders,"VC1 - Code Change, VC2 - Name Change",64301,Bartenders,
6513,Food and beverage servers,"VC1 - Code Change, VC2 - Name Change",65200,Food and beverage servers,
6521,Travel counsellors,"VC1 - Code Change, VC2 - Name Change",64310,Travel counsellors,
6522,Pursers and flight attendants,"VC1 - Code Change, VC2 - Name Change",64311,Pursers and flight attendants,
6523,Airline ticket and service agents,"VC1 - Code Change, VC2 - Name Change",64312,Airline ticket and service agents,
6524,"Ground and water transport ticket agents, cargo service representatives and related clerks","VC1 - Code Change, VC2 - Name Change",64313,"Ground and water transport ticket agents, cargo service representatives and related clerks",
6525,Hotel front desk clerks,"VC1 - Code Change, VC2 - Name Change",64314,Hotel front desk clerks,
6531,Tour and travel guides,"VC1 - Code Change, VC2 - Name Change",64320,Tour and travel guides,
6532,Outdoor sport and recreational guides,"VC1 - Code Change, VC2 - Name Change",64322,Outdoor sport and recreational guides,
6533,Casino occupations,"VC1 - Code Change, VC2 - Name Change",64321,Casino workers,
6541,Security guards and related security service occupations,"RC4.2 - Split off, VC1 - Code Change, VC2 - Name Change",45100,"Student monitors, crossing guards and related occupations",6541 continues as 64410 and part transferred to 65329 and part split off to emerging item 45100
6541,Security guards and related security service occupations,"RC4.2 - Split off, RC5 - Transfer, VC1 - Code Change, VC2 - Name Change",64410,Security guards and related security service occupations,6541 continues as 64410 and part transferred to 65329 and part split off to emerging item 45100
6541,Security guards and related security service occupations,"RC5 - Transfer, VC1 - Code Change, VC2 - Name Change",65329,Other service support occupations,6541 continues as 64410 and part transferred to 65329 and part split off to emerging item 45100
6551,Customer services representatives - financial institutions,"VC1 - Code Change, VC2 - Name Change",64400,Customer services representatives - financial institutions,
6552,Other customer and information services representatives,"VC1 - Code Change, VC2 - Name Change",64409,Other customer and information services representatives,
6561,"Image, social and other personal consultants","VC1 - Code Change, VC2 - Name Change",64201,"Image, social and other personal consultants",
6562,"Estheticians, electrologists and related occupations","VC1 - Code Change, VC2 - Name Change",63211,"Estheticians, electrologists and related occupations",
6563,Pet groomers and animal care workers,"VC1 - Code Change, VC2 - Name Change",65220,Pet groomers and animal care workers,
6564,Other personal service occupations,"VC1 - Code Change, VC2 - Name Change",65229,Other support occupations in personal services,
6611,Cashiers,"VC1 - Code Change, VC2 - Name Change",65100,Cashiers,
6621,Service station attendants,"VC1 - Code Change, VC2 - Name Change",65101,Service station attendants,
6622,"Store shelf stockers, clerks and order fillers","VC1 - Code Change, VC2 - Name Change",65102,"Store shelf stockers, clerks and order fillers",
6623,Other sales related occupations,"VC1 - Code Change, VC2 - Name Change",65109,Other sales related occupations,
6711,"Food counter attendants, kitchen helpers and related support occupations","VC1 - Code Change, VC2 - Name Change",65201,"Food counter attendants, kitchen helpers and related support occupations",
6721,"Support occupations in accommodation, travel and facilities set-up services","VC1 - Code Change, VC2 - Name Change",65210,"Support occupations in accommodation, travel and facilities set-up services",
6722,"Operators and attendants in amusement, recreation and sport","VC1 - Code Change, VC2 - Name Change",65211,"Operators and attendants in amusement, recreation and sport",
6731,Light duty cleaners,"VC1 - Code Change, VC2 - Name Change",65310,Light duty cleaners,
6732,Specialized cleaners,"VC1 - Code Change, VC2 - Name Change",65311,Specialized cleaners,
6733,"Janitors, caretakers and building superintendents","RC4.2 - Split off, VC1 - Code Change, VC2 - Name Change",65312,"Janitors, caretakers and heavy-duty cleaners",6733 continues as 65312 and part split off to emerging item 73201
6733,"Janitors, caretakers and building superintendents","RC4.2 - Split off, VC1 - Code Change, VC2 - Name Change",73201,General building maintenance workers and building superintendents,6733 continues as 65312 and part split off to emerging item 73201
6741,"Dry cleaning, laundry and related occupations","VC1 - Code Change, VC2 - Name Change",65320,"Dry cleaning, laundry and related occupations",
6742,"Other service support occupations, n.e.c.","VC1 - Code Change, VC2 - Name Change",65329,Other service support occupations,
7201,"Contractors and supervisors, machining, metal forming, shaping and erecting trades and related occupations","VC1 - Code Change, VC2 - Name Change",72010,"Contractors and supervisors, machining, metal forming, shaping and erecting trades and related occupations",
7202,"Contractors and supervisors, electrical trades and telecommunications occupations","VC1 - Code Change, VC2 - Name Change",72011,"Contractors and supervisors, electrical trades and telecommunications occupations",
7203,"Contractors and supervisors, pipefitting trades","VC1 - Code Change, VC2 - Name Change",72012,"Contractors and supervisors, pipefitting trades",
7204,"Contractors and supervisors, carpentry trades","VC1 - Code Change, VC2 - Name Change",72013,"Contractors and supervisors, carpentry trades",
7205,"Contractors and supervisors, other construction trades, installers, repairers and servicers","VC1 - Code Change, VC2 - Name Change",72014,"Contractors and supervisors, other construction trades, installers, repairers and servicers",
7231,Machinists and machining and tooling inspectors,"VC1 - Code Change, VC2 - Name Change",72100,Machinists and machining and tooling inspectors,
7232,Tool and die makers,"VC1 - Code Change, VC2 - Name Change",72101,Tool and die makers,
7233,Sheet metal workers,"VC1 - Code Change, VC2 - Name Change",72102,Sheet metal workers,
7234,Boilermakers,"VC1 - Code Change, VC2 - Name Change",72103,Boilermakers,
7235,Structural metal and platework fabricators and fitters,"VC1 - Code Change, VC2 - Name Change",72104,Structural metal and platework fabricators and fitters,
7236,Ironworkers,"VC1 - Code Change, VC2 - Name Change",72105,Ironworkers,
7237,Welders and related machine operators,"VC1 - Code Change, VC2 - Name Change",72106,Welders and related machine operators,
7241,Electricians (except industrial and power system),"VC1 - Code Change, VC2 - Name Change",72200,Electricians (except industrial and power system),
7242,Industrial electricians,"VC1 - Code Change, VC2 - Name Change",72201,Industrial electricians,
7243,Power system electricians,"VC1 - Code Change, VC2 - Name Change",72202,Power system electricians,
7244,Electrical power line and cable workers,"VC1 - Code Change, VC2 - Name Change",72203,Electrical power line and cable workers,
7245,Telecommunications line and cable workers,"RC3.2 - Take-over, VC1 - Code Change, VC2 - Name Change",72204,Telecommunications line and cable installers and repairers,7245 continues and includes part of the denotation of the expired unit group 7247
7246,Telecommunications installation and repair workers,"RC3.2 - Take-over, VC1 - Code Change, VC2 - Name Change",72205,Telecommunications equipment installation and cable television service technicians,7246 continues and includes part of the denotation of the expired unit group 7247
7247,Cable television service and maintenance technicians,"RC3.2 - Take-over, VC1 - Code Change, VC2 - Name Change",72204,Telecommunications line and cable installers and repairers,7247 expired and part proceeds between 72204 and 72205
7247,Cable television service and maintenance technicians,"RC3.2 - Take-over, VC1 - Code Change, VC2 - Name Change",72205,Telecommunications equipment installation and cable television service technicians,7247 expired and part proceeds between 72204 and 72205
7251,Plumbers,"VC1 - Code Change, VC2 - Name Change",72300,Plumbers,
7252,"Steamfitters, pipefitters and sprinkler system installers","VC1 - Code Change, VC2 - Name Change",72301,"Steamfitters, pipefitters and sprinkler system installers",
7253,Gas fitters,"VC1 - Code Change, VC2 - Name Change",72302,Gas fitters,
7271,Carpenters,"VC1 - Code Change, VC2 - Name Change",72310,Carpenters,
7272,Cabinetmakers,"VC1 - Code Change, VC2 - Name Change",72311,Cabinetmakers,
7281,Bricklayers,"VC1 - Code Change, VC2 - Name Change",72320,Bricklayers,
7282,Concrete finishers,"VC1 - Code Change, VC2 - Name Change",73100,Concrete finishers,
7283,Tilesetters,"VC1 - Code Change, VC2 - Name Change",73101,Tilesetters,
7284,"Plasterers, drywall installers and finishers and lathers","VC1 - Code Change, VC2 - Name Change",73102,"Plasterers, drywall installers and finishers and lathers",
7291,Roofers and shinglers,"VC1 - Code Change, VC2 - Name Change",73110,Roofers and shinglers,
7292,Glaziers,"VC1 - Code Change, VC2 - Name Change",73111,Glaziers,
7293,Insulators,"VC1 - Code Change, VC2 - Name Change",72321,Insulators,
7294,Painters and decorators (except interior decorators),"VC1 - Code Change, VC2 - Name Change",73112,Painters and decorators (except interior decorators),
7295,Floor covering installers,"VC1 - Code Change, VC2 - Name Change",73113,Floor covering installers,
7301,"Contractors and supervisors, mechanic trades","VC1 - Code Change, VC2 - Name Change",72020,"Contractors and supervisors, mechanic trades",
7302,"Contractors and supervisors, heavy equipment operator crews","VC1 - Code Change, VC2 - Name Change",72021,"Contractors and supervisors, heavy equipment operator crews",
7303,"Supervisors, printing and related occupations","VC1 - Code Change, VC2 - Name Change",72022,"Supervisors, printing and related occupations",
7304,"Supervisors, railway transport operations","VC1 - Code Change, VC2 - Name Change",72023,"Supervisors, railway transport operations",
7305,"Supervisors, motor transport and other ground transit operators","VC1 - Code Change, VC2 - Name Change",72024,"Supervisors, motor transport and other ground transit operators",
7311,Construction millwrights and industrial mechanics,"VC1 - Code Change, VC2 - Name Change",72400,Construction millwrights and industrial mechanics,
7312,Heavy-duty equipment mechanics,"VC1 - Code Change, VC2 - Name Change",72401,Heavy-duty equipment mechanics,
7313,"Heating, refrigeration and air conditioning mechanics","VC1 - Code Change, VC2 - Name Change",72402,"Heating, refrigeration and air conditioning mechanics",
7314,Railway carmen/women,"VC1 - Code Change, VC2 - Name Change",72403,Railway carmen/women,
7315,Aircraft mechanics and aircraft inspectors,"VC1 - Code Change, VC2 - Name Change",72404,Aircraft mechanics and aircraft inspectors,
7316,Machine fitters,"VC1 - Code Change, VC2 - Name Change",72405,Machine fitters,
7318,Elevator constructors and mechanics,"VC1 - Code Change, VC2 - Name Change",72406,Elevator constructors and mechanics,
7321,"Automotive service technicians, truck and bus mechanics and mechanical repairers","VC1 - Code Change, VC2 - Name Change",72410,"Automotive service technicians, truck and bus mechanics and mechanical repairers",
7322,Motor vehicle body repairers,"VC1 - Code Change, VC2 - Name Change",72411,"Auto body collision, refinishing and glass technicians and damage repair estimators",
7331,Oil and solid fuel heating mechanics,"VC1 - Code Change, VC2 - Name Change",72420,Oil and solid fuel heating mechanics,
7332,Appliance servicers and repairers,"VC1 - Code Change, VC2 - Name Change",72421,Appliance servicers and repairers,
7333,Electrical mechanics,"VC1 - Code Change, VC2 - Name Change",72422,Electrical mechanics,
7334,"Motorcycle, all-terrain vehicle and other related mechanics","VC1 - Code Change, VC2 - Name Change",72423,"Motorcycle, all-terrain vehicle and other related mechanics",
7335,Other small engine and small equipment repairers,"VC1 - Code Change, VC2 - Name Change",72429,Other small engine and small equipment repairers,
7361,Railway and yard locomotive engineers,"VC1 - Code Change, VC2 - Name Change",73310,Railway and yard locomotive engineers,
7362,Railway conductors and brakemen/women,"VC1 - Code Change, VC2 - Name Change",73311,Railway conductors and brakemen/women,
7371,Crane operators,"RC5 - Transfer, VC1 - Code Change, VC2 - Name Change",72500,Crane operators,7371 continues as 72500 and part transferred to 75110
7371,Crane operators,"RC5 - Transfer, VC1 - Code Change, VC2 - Name Change",75110,Construction trades helpers and labourers,7371 continues as 72500 and part transferred to 75110
7372,"Drillers and blasters - surface mining, quarrying and construction","VC1 - Code Change, VC2 - Name Change",73402,"Drillers and blasters - surface mining, quarrying and construction",
7373,Water well drillers,"VC1 - Code Change, VC2 - Name Change",72501,Water well drillers,
7381,Printing press operators,"VC1 - Code Change, VC2 - Name Change",73401,Printing press operators,
7384,"Other trades and related occupations, n.e.c.","RC5 - Transfer, VC1 - Code Change, VC2 - Name Change",72423,"Motorcycle, all-terrain vehicle and other related mechanics",7384 continues as 72999 and part transferred 72423
7384,"Other trades and related occupations, n.e.c.","RC5 - Transfer, VC1 - Code Change, VC2 - Name Change",72999,Other technical trades and related occupations,7384 continues as 72999 and part transferred 72423
7441,Residential and commercial installers and servicers,"VC1 - Code Change, VC2 - Name Change",73200,Residential and commercial installers and servicers,
7442,Waterworks and gas maintenance workers,"VC1 - Code Change, VC2 - Name Change",74204,Utility maintenance workers,
7444,Pest controllers and fumigators,"VC1 - Code Change, VC2 - Name Change",73202,Pest controllers and fumigators,
7445,Other repairers and servicers,"RC5 - Transfer, VC1 - Code Change, VC2 - Name Change",22311,Electronic service technicians (household and business equipment),7445 continues as 73209 and part transferred to 22311
7445,Other repairers and servicers,"RC5 - Transfer, VC1 - Code Change, VC2 - Name Change",73209,Other repairers and servicers,7445 continues as 73209 and part transferred to 22311
7451,Longshore workers,"VC1 - Code Change, VC2 - Name Change",75100,Longshore workers,
7452,Material handlers,"VC1 - Code Change, VC2 - Name Change",75101,Material handlers,
7511,Transport truck drivers,"VC1 - Code Change, VC2 - Name Change",73300,Transport truck drivers,
7512,"Bus drivers, subway operators and other transit operators","VC1 - Code Change, VC2 - Name Change",73301,"Bus drivers, subway operators and other transit operators",
7513,Taxi and limousine drivers and chauffeurs,"VC1 - Code Change, VC2 - Name Change",75200,Taxi and limousine drivers and chauffeurs,
7514,Delivery and courier service drivers,"RC5 - Transfer, VC1 - Code Change, VC2 - Name Change",74102,Couriers and messengers,7514 continues as 75201 and part transferred to 74102
7514,Delivery and courier service drivers,"RC5 - Transfer, VC1 - Code Change, VC2 - Name Change",75201,Delivery service drivers and door-to-door distributors,7514 continues as 75201 and part transferred to 74102
7521,Heavy equipment operators (except crane),"VC1 - Code Change, VC2 - Name Change",73400,Heavy equipment operators,
7522,Public works maintenance equipment operators and related workers,"RC5 - Transfer, VC1 - Code Change, VC2 - Name Change",74204,Utility maintenance workers,7522 continues as 74205 and part transferred to 74204
7522,Public works maintenance equipment operators and related workers,"RC5 - Transfer, VC1 - Code Change, VC2 - Name Change",74205,Public works maintenance equipment operators and related workers,7522 continues as 74205 and part transferred to 74204
7531,Railway yard and track maintenance workers,"VC1 - Code Change, VC2 - Name Change",74200,Railway yard and track maintenance workers,
7532,Water transport deck and engine room crew,"VC1 - Code Change, VC2 - Name Change",74201,Water transport deck and engine room crew,
7533,Boat and cable ferry operators and related occupations,"VC1 - Code Change, VC2 - Name Change",75210,Boat and cable ferry operators and related occupations,
7534,Air transport ramp attendants,"VC1 - Code Change, VC2 - Name Change",74202,Air transport ramp attendants,
7535,Other automotive mechanical installers and servicers,"VC1 - Code Change, VC2 - Name Change",74203,Automotive and heavy truck and equipment parts installers and servicers,
7611,Construction trades helpers and labourers,"VC1 - Code Change, VC2 - Name Change",75110,Construction trades helpers and labourers,
7612,Other trades helpers and labourers,"VC1 - Code Change, VC2 - Name Change",75119,Other trades helpers and labourers,
7621,Public works and maintenance labourers,"VC1 - Code Change, VC2 - Name Change",75212,Public works and maintenance labourers,
7622,Railway and motor transport labourers,"VC1 - Code Change, VC2 - Name Change",75211,Railway and motor transport labourers,
8211,"Supervisors, logging and forestry","VC1 - Code Change, VC2 - Name Change",82010,"Supervisors, logging and forestry",
8221,"Supervisors, mining and quarrying","VC1 - Code Change, VC2 - Name Change",82020,"Supervisors, mining and quarrying",
8222,"Contractors and supervisors, oil and gas drilling and services","VC1 - Code Change, VC2 - Name Change",82021,"Contractors and supervisors, oil and gas drilling and services",
8231,Underground production and development miners,"VC1 - Code Change, VC2 - Name Change",83100,Underground production and development miners,
8232,"Oil and gas well drillers, servicers, testers and related workers","VC1 - Code Change, VC2 - Name Change",83101,"Oil and gas well drillers, servicers, testers and related workers",
8241,Logging machinery operators,"VC1 - Code Change, VC2 - Name Change",83110,Logging machinery operators,
8252,"Agricultural service contractors, farm supervisors and specialized livestock workers","RC5 - Transfer, VC1 - Code Change, VC2 - Name Change",72600,"Air pilots, flight engineers and flying instructors",8252 continues as 82030 and part transferred to 72600 and 85100 and part split off to emerging item 84120
8252,"Agricultural service contractors, farm supervisors and specialized livestock workers","RC4.2 - Split off, RC5 - Transfer, VC1 - Code Change, VC2 - Name Change",82030,Agricultural service contractors and farm supervisors,8252 continues as 82030 and part transferred to 72600 and 85100 and part split off to emerging item 84120
8252,"Agricultural service contractors, farm supervisors and specialized livestock workers","RC4.2 - Split off, VC1 - Code Change, VC2 - Name Change",84120,Specialized livestock workers and farm machinery operators,8252 continues as 82030 and part transferred to 72600 and 85100 and part split off to emerging item 84120
8252,"Agricultural service contractors, farm supervisors and specialized livestock workers","RC5 - Transfer, VC1 - Code Change, VC2 - Name Change",85100,Livestock labourers,8252 continues as 82030 and part transferred to 72600 and 85100 and part split off to emerging item 84120
8255,"Contractors and supervisors, landscaping, grounds maintenance and horticulture services","VC1 - Code Change, VC2 - Name Change",82031,"Contractors and supervisors, landscaping, grounds maintenance and horticulture services",
8261,Fishing masters and officers,"VC1 - Code Change, VC2 - Name Change",83120,Fishing masters and officers,
8262,Fishermen/women,"VC1 - Code Change, VC2 - Name Change",83121,Fishermen/women,
8411,Underground mine service and support workers,"VC1 - Code Change, VC2 - Name Change",84100,Underground mine service and support workers,
8412,Oil and gas well drilling and related workers and services operators,"VC1 - Code Change, VC2 - Name Change",84101,Oil and gas well drilling and related workers and services operators,
8421,Chain saw and skidder operators,"VC1 - Code Change, VC2 - Name Change",84110,Chain saw and skidder operators,
8422,Silviculture and forestry workers,"VC1 - Code Change, VC2 - Name Change",84111,Silviculture and forestry workers,
8431,General farm workers,"RC4.2 - Split off, VC1 - Code Change, VC2 - Name Change",84120,Specialized livestock workers and farm machinery operators,8431 continues as 85100 and part transferred to 85101 and part split off to emerging item 84120
8431,General farm workers,"RC4.2 - Split off, RC5 - Transfer, VC1 - Code Change, VC2 - Name Change",85100,Livestock labourers,8431 continues as 85100 and part transferred to 85101 and part split off to emerging item 84120
8431,General farm workers,"RC5 - Transfer, VC1 - Code Change, VC2 - Name Change",85101,Harvesting labourers,8431 continues as 85100 and part transferred to 85101 and part split off to emerging item 84120
8432,Nursery and greenhouse workers,"VC1 - Code Change, VC2 - Name Change",85103,Nursery and greenhouse labourers,
8441,Fishing vessel deckhands,"VC1 - Code Change, VC2 - Name Change",84121,Fishing vessel deckhands,
8442,Trappers and hunters,"VC1 - Code Change, VC2 - Name Change",85104,Trappers and hunters,
8611,Harvesting labourers,"VC1 - Code Change, VC2 - Name Change",85101,Harvesting labourers,
8612,Landscaping and grounds maintenance labourers,"VC1 - Code Change, VC2 - Name Change",85121,Landscaping and grounds maintenance labourers,
8613,Aquaculture and marine harvest labourers,"VC1 - Code Change, VC2 - Name Change",85102,Aquaculture and marine harvest labourers,
8614,Mine labourers,"VC1 - Code Change, VC2 - Name Change",85110,Mine labourers,
8615,"Oil and gas drilling, servicing and related labourers","VC1 - Code Change, VC2 - Name Change",85111,"Oil and gas drilling, servicing and related labourers",
8616,Logging and forestry labourers,"VC1 - Code Change, VC2 - Name Change",85120,Logging and forestry labourers,
9211,"Supervisors, mineral and metal processing","VC1 - Code Change, VC2 - Name Change",92010,"Supervisors, mineral and metal processing",
9212,"Supervisors, petroleum, gas and chemical processing and utilities","VC1 - Code Change, VC2 - Name Change",92011,"Supervisors, petroleum, gas and chemical processing and utilities",
9213,"Supervisors, food and beverage processing","VC1 - Code Change, VC2 - Name Change",92012,"Supervisors, food and beverage processing",
9214,"Supervisors, plastic and rubber products manufacturing","VC1 - Code Change, VC2 - Name Change",92013,"Supervisors, plastic and rubber products manufacturing",
9215,"Supervisors, forest products processing","VC1 - Code Change, VC2 - Name Change",92014,"Supervisors, forest products processing",
9217,"Supervisors, textile, fabric, fur and leather products processing and manufacturing","VC1 - Code Change, VC2 - Name Change",92015,"Supervisors, textile, fabric, fur and leather products processing and manufacturing",
9221,"Supervisors, motor vehicle assembling","VC1 - Code Change, VC2 - Name Change",92020,"Supervisors, motor vehicle assembling",
9222,"Supervisors, electronics manufacturing","RC3.1 - Merger, VC2 - Name Change",92021,"Supervisors, electronics and electrical products manufacturing",9222 and 9223 expired and all parts of both merged into emerging item 92021
9223,"Supervisors, electrical products manufacturing","RC3.1 - Merger, VC2 - Name Change",92021,"Supervisors, electronics and electrical products manufacturing",9222 and 9223 expired and all parts of both merged into emerging item 92021
9224,"Supervisors, furniture and fixtures manufacturing","VC1 - Code Change, VC2 - Name Change",92022,"Supervisors, furniture and fixtures manufacturing",
9226,"Supervisors, other mechanical and metal products manufacturing","VC1 - Code Change, VC2 - Name Change",92023,"Supervisors, other mechanical and metal products manufacturing",
9227,"Supervisors, other products manufacturing and assembly","VC1 - Code Change, VC2 - Name Change",92024,"Supervisors, other products manufacturing and assembly",
9231,"Central control and process operators, mineral and metal processing","VC1 - Code Change, VC2 - Name Change",93100,"Central control and process operators, mineral and metal processing",
9232,"Central control and process operators, petroleum, gas and chemical processing","VC1 - Code Change, VC2 - Name Change",93101,"Central control and process operators, petroleum, gas and chemical processing",
9235,"Pulping, papermaking and coating control operators","VC1 - Code Change, VC2 - Name Change",93102,"Pulping, papermaking and coating control operators",
9241,Power engineers and power systems operators,"VC1 - Code Change, VC2 - Name Change",92100,Power engineers and power systems operators,
9243,Water and waste treatment plant operators,"VC1 - Code Change, VC2 - Name Change",92101,Water and waste treatment plant operators,
9411,"Machine operators, mineral and metal processing","VC1 - Code Change, VC2 - Name Change",94100,"Machine operators, mineral and metal processing",
9412,Foundry workers,"VC1 - Code Change, VC2 - Name Change",94101,Foundry workers,
9413,Glass forming and finishing machine operators and glass cutters,"VC1 - Code Change, VC2 - Name Change",94102,Glass forming and finishing machine operators and glass cutters,
9414,"Concrete, clay and stone forming operators","VC1 - Code Change, VC2 - Name Change",94103,"Concrete, clay and stone forming operators",
9415,"Inspectors and testers, mineral and metal processing","VC1 - Code Change, VC2 - Name Change",94104,"Inspectors and testers, mineral and metal processing",
9416,Metalworking and forging machine operators,"VC1 - Code Change, VC2 - Name Change",94105,Metalworking and forging machine operators,
9417,Machining tool operators,"VC1 - Code Change, VC2 - Name Change",94106,Machining tool operators,
9418,Other metal products machine operators,"VC1 - Code Change, VC2 - Name Change",94107,Machine operators of other metal products,
9421,Chemical plant machine operators,"RC5 - Transfer, VC1 - Code Change, VC2 - Name Change",94110,Chemical plant machine operators,9421 continues as 94110 and part transferred to 95102
9421,Chemical plant machine operators,"RC5 - Transfer, VC1 - Code Change, VC2 - Name Change",95102,Labourers in chemical products processing and utilities,9421 continues as 94110 and part transferred to 95102
9422,Plastics processing machine operators,"VC1 - Code Change, VC2 - Name Change",94111,Plastics processing machine operators,
9423,Rubber processing machine operators and related workers,"VC1 - Code Change, VC2 - Name Change",94112,Rubber processing machine operators and related workers,
9431,Sawmill machine operators,"VC1 - Code Change, VC2 - Name Change",94120,Sawmill machine operators,
9432,Pulp mill machine operators,"RC3.1 - Merger, VC2 - Name Change",94121,"Pulp mill, papermaking and finishing machine operators",9432 and 9433 expired and all parts of both merged into emerging item 94121
9433,Papermaking and finishing machine operators,"RC3.1 - Merger, VC2 - Name Change",94121,"Pulp mill, papermaking and finishing machine operators",9432 and 9433 expired and all parts of both merged into emerging item 94121
9434,Other wood processing machine operators,"VC1 - Code Change, VC2 - Name Change",94129,Other wood processing machine operators,
9435,Paper converting machine operators,"VC1 - Code Change, VC2 - Name Change",94122,Paper converting machine operators,
9436,Lumber graders and other wood processing inspectors and graders,"VC1 - Code Change, VC2 - Name Change",94123,Lumber graders and other wood processing inspectors and graders,
9437,Woodworking machine operators,"VC1 - Code Change, VC2 - Name Change",94124,Woodworking machine operators,
9441,"Textile fibre and yarn, hide and pelt processing machine operators and workers","RC5 - Transfer, VC1 - Code Change, VC2 - Name Change",94130,"Textile fibre and yarn, hide and pelt processing machine operators and workers",9441 continues as 94130 and part transferred to 95105
9441,"Textile fibre and yarn, hide and pelt processing machine operators and workers","RC5 - Transfer, VC1 - Code Change, VC2 - Name Change",95105,Labourers in textile processing and cutting,9441 continues as 94130 and part transferred to 95105
9442,"Weavers, knitters and other fabric making occupations","VC1 - Code Change, VC2 - Name Change",94131,"Weavers, knitters and other fabric making occupations",
9445,"Fabric, fur and leather cutters","RC3.2 - Take-over, VC1 - Code Change, VC2 - Name Change",95105,Labourers in textile processing and cutting,9945 expired and all proceeds taken-over as part of 95105
9446,Industrial sewing machine operators,"VC1 - Code Change, VC2 - Name Change",94132,Industrial sewing machine operators,
9447,"Inspectors and graders, textile, fabric, fur and leather products manufacturing","VC1 - Code Change, VC2 - Name Change",94133,"Inspectors and graders, textile, fabric, fur and leather products manufacturing",
9461,"Process control and machine operators, food and beverage processing","VC1 - Code Change, VC2 - Name Change",94140,"Process control and machine operators, food and beverage processing",
9462,"Industrial butchers and meat cutters, poultry preparers and related workers","VC1 - Code Change, VC2 - Name Change",94141,"Industrial butchers and meat cutters, poultry preparers and related workers",
9463,Fish and seafood plant workers,"VC1 - Code Change, VC2 - Name Change",94142,Fish and seafood plant workers,
9465,"Testers and graders, food and beverage processing","VC1 - Code Change, VC2 - Name Change",94143,"Testers and graders, food and beverage processing",
9471,Plateless printing equipment operators,"VC1 - Code Change, VC2 - Name Change",94150,Plateless printing equipment operators,
9472,"Camera, platemaking and other prepress occupations","VC1 - Code Change, VC2 - Name Change",94151,"Camera, platemaking and other prepress occupations",
9473,Binding and finishing machine operators,"VC1 - Code Change, VC2 - Name Change",94152,Binding and finishing machine operators,
9474,Photographic and film processors,"VC1 - Code Change, VC2 - Name Change",94153,Photographic and film processors,
9521,Aircraft assemblers and aircraft assembly inspectors,"VC1 - Code Change, VC2 - Name Change",93200,Aircraft assemblers and aircraft assembly inspectors,
9522,"Motor vehicle assemblers, inspectors and testers","VC1 - Code Change, VC2 - Name Change",94200,"Motor vehicle assemblers, inspectors and testers",
9523,"Electronics assemblers, fabricators, inspectors and testers","VC1 - Code Change, VC2 - Name Change",94201,"Electronics assemblers, fabricators, inspectors and testers",
9524,"Assemblers and inspectors, electrical appliance, apparatus and equipment manufacturing","VC1 - Code Change, VC2 - Name Change",94202,"Assemblers and inspectors, electrical appliance, apparatus and equipment manufacturing",
9525,"Assemblers, fabricators and inspectors, industrial electrical motors and transformers","VC1 - Code Change, VC2 - Name Change",94203,"Assemblers, fabricators and inspectors, industrial electrical motors and transformers",
9526,Mechanical assemblers and inspectors,"VC1 - Code Change, VC2 - Name Change",94204,Mechanical assemblers and inspectors,
9527,"Machine operators and inspectors, electrical apparatus manufacturing","VC1 - Code Change, VC2 - Name Change",94205,"Machine operators and inspectors, electrical apparatus manufacturing",
9531,Boat assemblers and inspectors,"RC3.2 - Take-over, VC1 - Code Change, VC2 - Name Change",94219,"Other products assemblers, finishers and inspectors",9531 expired and all proceeds taken-over as part of 94219
9532,Furniture and fixture assemblers and inspectors,"RC3.2 - Take-over, VC1 - Code Change, VC2 - Name Change",94210,"Furniture and fixture assemblers, finishers, refinishers and inspectors",9532 expired and all proceeds taken-over as part of 94210
9533,Other wood products assemblers and inspectors,"VC1 - Code Change, VC2 - Name Change",94211,Assemblers and inspectors of other wood products,
9534,Furniture finishers and refinishers,"RC3.2 - Take-over, VC1 - Code Change, VC2 - Name Change",94210,"Furniture and fixture assemblers, finishers, refinishers and inspectors",9534 expired and all proceeds taken-over as part of 94210
9535,"Plastic products assemblers, finishers and inspectors","VC1 - Code Change, VC2 - Name Change",94212,"Plastic products assemblers, finishers and inspectors",
9536,"Industrial painters, coaters and metal finishing process operators","VC1 - Code Change, VC2 - Name Change",94213,"Industrial painters, coaters and metal finishing process operators",
9537,"Other products assemblers, finishers and inspectors","RC3.2 - Take-over, VC1 - Code Change, VC2 - Name Change",94219,"Other products assemblers, finishers and inspectors",9537 expired and all proceeds taken-over as part of 94219
9611,Labourers in mineral and metal processing,"VC1 - Code Change, VC2 - Name Change",95100,Labourers in mineral and metal processing,
9612,Labourers in metal fabrication,"VC1 - Code Change, VC2 - Name Change",95101,Labourers in metal fabrication,
9613,Labourers in chemical products processing and utilities,"VC1 - Code Change, VC2 - Name Change",95102,Labourers in chemical products processing and utilities,
9614,"Labourers in wood, pulp and paper processing","VC1 - Code Change, VC2 - Name Change",95103,"Labourers in wood, pulp and paper processing",
9615,Labourers in rubber and plastic products manufacturing,"VC1 - Code Change, VC2 - Name Change",95104,Labourers in rubber and plastic products manufacturing,
9616,Labourers in textile processing,"RC5 - Transfer, VC1 - Code Change, VC2 - Name Change",94130,"Textile fibre and yarn, hide and pelt processing machine operators and workers",9616 continues as 95105 and part transferred to 94130
9616,Labourers in textile processing,"RC5 - Transfer, VC1 - Code Change, VC2 - Name Change",95105,Labourers in textile processing and cutting,9616 continues as 95105 and part transferred to 94130
9617,Labourers in food and beverage processing,"VC1 - Code Change, VC2 - Name Change",95106,Labourers in food and beverage processing,
9618,Labourers in fish and seafood processing,"RC5 - Transfer, VC1 - Code Change, VC2 - Name Change",94142,Fish and seafood plant workers,9618 continues as 95107 and part transferred to 94142
9618,Labourers in fish and seafood processing,"RC5 - Transfer, VC1 - Code Change, VC2 - Name Change",95107,Labourers in fish and seafood processing,9618 continues as 95107 and part transferred to 94142
9619,"Other labourers in processing, manufacturing and utilities","VC1 - Code Change, VC2 - Name Change",95109,"Other labourers in processing, manufacturing and utilities",